{
  "pools": [
    {
      "rolls": 1,
      "entries": [
        {
          "type": "item",
          "name": "minecraft:iron_helmet",
          "weight": 1,
          
          "pools": [
            {
              "conditions": [
                {
                  "condition": "random_difficulty_chance",
                  "default_chance": 0.5,
                  "peaceful": 0,
                  "hard": 0.6
                }
              ],
              "rolls": 1,
              "entries": [
                {
                  "type": "item",
                  "name": "minecraft:iron_chestplate",
                  "weight": 1,
                  
                  "pools": [
                    {
                      "conditions": [
                        {
                          "condition": "random_difficulty_chance",
                          "default_chance": 0.5,
                          "peaceful": 0,
                          "hard": 0.6
                        }
                      ],
                      "rolls": 1,
                      "entries": [
                        {
                          "type": "item",
                          "name": "minecraft:iron_leggings",
                          "weight": 1,
                          
                          "pools": [
                            {
                              "conditions": [
                                {
                                  "condition": "random_difficulty_chance",
                                  "default_chance": 0.5,
                                  "peaceful": 0,
                                  "hard": 0.6
                                }
                              ],
                              "rolls": 1,
                              "entries": [
                                {
                                  "type": "item",
                                  "name": "minecraft:iron_boots",
                                  "weight": 1
                                 
                                }
                              ]
                            }
                          ]
                        }
                      ]
                    }
                  ]
                }
              ]
            }
          ]
        }
      ]
    }
  ]
}