{
    "pools": [
        {
            "rolls": 1,
            "entries": [
                {
                    "type": "item",
                    "name": "minecraft:stick",
                    "weight": 5
                },
                {
                    "type": "item",
                    "name": "minecraft:stick",
                    "weight": 5
                },
                {
                    "type": "item",
                    "name": "minecraft:stick",
                    "weight": 5
                },
                {
                    "type": "item",
                    "name": "minecraft:stick",
                    "weight": 5
                },
                {
                    "type": "item",
                    "name": "minecraft:stick",
                    "weight": 5
                },
                {
                    "type": "item",
                    "name": "minecraft:stick",
                    "weight": 5
                },
                {
                    "type": "item",
                    "name": "minecraft:stick",
                    "weight": 6
                }
            ]
        }
    ]
}