{
"format_version": "1.10.0",
"minecraft:block": {
"description": {
"identifier": "dream:crops_qincai0",
"register_to_creative_menu": false,
"is_experimental": false,
"base_block": "custom_crop_block"
},
"components": {
"minecraft:block_light_absorption": {
"value": 0
},
"netease:render_layer": {
"value": "alpha"
},
"netease:aabb": {
"collision": {
"min": [0.0, 0.0, 0.0],
"max": [0.0, 0.0, 0.0]
},
"clip": {
"min": [0.0, 0.0, 0.0],
"max": [1.0, 0.4, 1.0]
}
},
"netease:block_entity": {
    "tick": true,
    "movable": false
  },
"netease:random_tick": {
"enable": true,
"tick_to_script": true
},
"minecraft:loot": {
"table": "loot_tables/blocks/air.json"
},
"netease:neighborchanged_sendto_script": {
"value": true
}
}
}
}