{
"format_version": "1.10.0",
"minecraft:block": {
"description": {
"identifier": "dream:denglong",
"register_to_creative_menu": true,
"is_experimental": false
},
"components": {
"minecraft:block_light_absorption": {
"value": 0
},
"minecraft:block_light_emission": {
    "emission": 1.0
  },
"netease:render_layer": {
"value": "alpha"
},
"netease:aabb": {
"collision": {
"min": [0.0, 0.0, 0.0],
"max": [1.0, 1.0, 1.0]
},
"clip": {
"min": [0.0, 0.0, 0.0],
"max": [1.0, 1.0, 1.0]
}
}
}
}
}