{
"format_version": "1.10.0",
"minecraft:block": {
"description": {
"identifier": "dream:crops_bailuobo2",
"register_to_creative_menu": false,
"is_experimental": false,
"base_block": "custom_crop_block"
},
"components": {
"minecraft:block_light_absorption": {
"value": 0
},
"netease:render_layer": {
"value": "alpha"
},
"netease:aabb": {
"collision": {
"min": [0.0, 0.0, 0.0],
"max": [0.0, 0.0, 0.0]
},
"clip": {
"min": [0.0, 0.0, 0.0],
"max": [1.0, 0.9, 1.0]
}
},
"minecraft:loot": {
"table": "loot_tables/blocks/crops_bailuobo.json"
}
}
}
}