{
"format_version": "1.10.0",
"minecraft:block": {
"description": {
"identifier": "dream:block_lianyaoguo2",
"register_to_creative_menu": true,
"is_experimental": false
},
"components": {
"minecraft:block_light_absorption": {
"value": 0
},
"netease:render_layer": {
"value": "alpha"
},
"netease:block_entity": {
    "tick": true,
    "movable": false
    },
"netease:aabb": {
"collision": {
"min": [0.0, 0.0, 0.0],
"max": [1.0, 1.0, 1.0]
},
"clip": {
"min": [0.0, 0.0, 0.0],
"max": [1.0, 1.0, 1.0]
}
}
}
}
}