{
"format_version": "1.10.0",
"minecraft:block": {
"description": {
"identifier": "dream:suijichuansongmen",
"register_to_creative_menu": true,
"is_experimental": false
},
"components": {
"minecraft:block_light_absorption": {
"value": 0
},
"netease:render_layer": {
"value": "alpha"
},
"netease:aabb": {
"collision": [
{
"min": [-0.5, 0.0, -0.5],
"max": [1.50, 0.25, 1.50]
},
{
    "min": [0, 0.025, 0],
    "max": [1.0, 0.5, 1.0]
    }
],
"clip": [
    {
        "min": [-0.5, 0.0, -0.5],
        "max": [1.50, 0.25, 1.50]
        },
        {
            "min": [0, 0.25, 0],
            "max": [1.0, 0.5, 1.0]
            }
]
}
}
}
}