{
"format_version": "1.10.0",
"minecraft:block": {
"description": {
"identifier": "dream:manghe",
"register_to_creative_menu": true,
"is_experimental": false
},
"components": {
"minecraft:block_light_absorption": {
"value": 0
},
"netease:render_layer": {
"value": "alpha"
},
"minecraft:loot": {
    "table": "loot_tables/blocks/air.json"
    },
"netease:aabb": {
"collision": {
"min": [0.0625, 0.0, 0.0625],
"max": [0.9375, 0.875, 0.9375]
},
"clip": {
"min": [0.0625, 0.0,0.0625],
"max": [0.9375, 0.875, 0.9375]
}
}
}
}
}