{
  "format_version": "1.10",
  "minecraft:item": {
    "description": {
      "identifier": "minecraft:potato"
    },

    "components": {
      "minecraft:use_duration": 32,

      "minecraft:food": {
        "nutrition": 1,
        "saturation_modifier": "low",
        "effects": [
          {
            "name": "poison",
            "chance": 1.0,
            "duration": 30,
            "amplifier": 0
          }
        ]
      },
      "minecraft:seed": {
        "crop_result": "potatoes"
      }
    }
  }
}