{
  "format_version": "1.13.0",
  "minecraft:entity": {
    "description": {
      "identifier": "dream:butterfly",
	  "runtime_identifier": "dream:butterfly",
      "is_spawnable": true,
      "is_summonable": true,
      "is_experimental": false
    },
    "component_groups": {
	  "minecraft:small": {
	    "minecraft:scale": {
		  "value": 0.5
		}
	  },
	  
	  "minecraft:normal": {
	    "minecraft:scale": {
		  "value": 0.7
		}
	  },
	  "minecraft:lager": {
	    "minecraft:scale": {
		  "value": 0.8
		}
	  },
	  "minecraft:huge": {
	    "minecraft:scale": {
		  "value": 1.0
		}
	  },
	  
	  
	  "minecraft:butterfly_blue": {
	    "minecraft:variant": {
		  "value": 0
		}
	  },
	  "minecraft:butterfly_orange": {
	    "minecraft:variant": {
		  "value": 1
		}
	  },
	  "minecraft:butterfly_white": {
	    "minecraft:variant": {
		  "value": 2
		}
	  },
	  "minecraft:butterfly_pink": {
	    "minecraft:variant": {
		  "value": 3
		}
	  },
	  "minecraft:butterfly_green": {
	    "minecraft:variant": {
		  "value":4
		}
	  },
	  "minecraft:butterfly_magic": {
	    "minecraft:variant": {
		  "value": 5
		}
	  },
	  "minecraft:butterfly_yellow": {
	    "minecraft:variant": {
		  "value": 6
		}
	  },
	  "minecraft:is_resting": {
	    "minecraft:timer": {
		  "looping": false,
		  "time": [15.0, 17.0],
		  "time_down_event": {
		    "event": "minecraft:to_fiying",
			"target": "self"
		  }
		}
	  },
	  "minecraft:is_fiying": {
	    "minecraft:timer": {
		  "looping": false,
		  "time": [1.0, 3.0],
		  "time_down_event": {
		    "event": "minecraft:to_resting",
			"target": "self"
		  }
		}
	  },
	  "minecraft:flying": {
		"minecraft:behavior.float_wander": {
	      "priority": 3,
          "xz_dist": 5,
          "y_dist": 10,
          "y_offset": -1.0,
          "random_reselect": true,
          "float_duration": [ 0.1, 0.35 ]
        }
	  }
    },

    "components": {
      "minecraft:type_family": {
        "family": [ "butterfly" ]
      },
      "minecraft:breathable": {
        "totalSupply": 15,
        "suffocateTime": 0
      },
      "minecraft:collision_box": {
        "width": 0.5,
        "height": 0.9
      },
      "minecraft:damage_sensor": {
		"triggers": {
			"cause": "fall",
			"deals_damage": false
		}
	},
      "minecraft:movement": {
        "value": 0.1
      },
      "minecraft:navigation.float": {
        "can_path_over_water": true
      },
      "minecraft:movement.basic": {
      },
      "minecraft:jump.static": {
      },
      "minecraft:behavior.float": {
        "priority": 0
      },
      
      "minecraft:can_fly": {
      },
      "minecraft:health": {
        "value": 10,
        "max": 10
      },
      "minecraft:nameable": {
      },
      "minecraft:physics": {
      }
    },

    "events": {
	  "minecraft:entity_spawned": {
	    "sequence": [
		  {
		    "randomize": [
		      {
		        "weight": 1,
			    "add": {
			      "component_groups": [
			        "minecraft:butterfly_blue",
				    "minecraft:is_fiying",
				    "minecraft:flying",
				    "minecraft:has_resting"
			      ]
			    }
		      },
		      {
		        "weight": 1,
			    "add": {
			      "component_groups": [
			        "minecraft:butterfly_orange",
				    "minecraft:is_fiying",
				    "minecraft:flying",
				    "minecraft:has_resting"
			      ]
			    }
		      },
		      { 
		        "weight": 1,
			    "add": {
			      "component_groups": [
			        "minecraft:butterfly_pink",
				    "minecraft:is_fiying",
				    "minecraft:flying",
				    "minecraft:has_resting"
			      ]
			    }
		      },
		      {
		        "weight": 1,
			    "add": {
			      "component_groups": [
			        "minecraft:butterfly_white",
				    "minecraft:is_fiying",
				    "minecraft:flying",
				    "minecraft:has_resting"
			      ]
			    }
		      },
		      {
		        "weight": 1,
			    "add": {
			      "component_groups": [
			        "minecraft:butterfly_green",
				    "minecraft:is_fiying",
				    "minecraft:flying",
				    "minecraft:has_resting"
			      ]
			    }
		      },
		      {
		        "weight": 1,
			    "add": {
			      "component_groups": [
			        "minecraft:butterfly_magic",
				    "minecraft:is_fiying",
				    "minecraft:flying",
				    "minecraft:has_resting"
			      ]
			    }
		      },
		      { 
		        "weight": 1,
			    "add": {
			      "component_groups": [
			        "minecraft:butterfly_yellow",
				    "minecraft:is_fiying",
				    "minecraft:flying",
				    "minecraft:has_resting"
			      ]
			    }
		      }
		    ]
		  },
		  {
		    "randomize": [
			  {
			    "weight": 10,
				"add": {
				  "component_groups": [
				    "minecraft:small"
				  ]
				}
			  },
			  {
			    "weight": 1,
				"add": {
				  "component_groups": [
				    "minecraft:normal"
				  ]
				}
			  },
			  {
			    "weight": 1,
				"add": {
				  "component_groups": [
				    "minecraft:lager"
				  ]
				}
			  },
			  {
			    "weight": 1,
				"add": {
				  "component_groups": [
				    "minecraft:huge"
				  ]
				}
			  }
			]
		  }
		]
	  }
    }
  }
}
