{
  "format_version": "1.13.0",
  "minecraft:entity": {
    "description": {
      "identifier": "dream:haima",
      "is_spawnable": true,
      "is_summonable": true,
      "is_experimental": false,
	  "runtime_identifier": "dream:haima"
    },
	
	"component_groups": {
	  },
	  
	  
	  
	
    "components": {
      "minecraft:nameable": {
      },

      
      "minecraft:type_family": {
        "family": [ "haima", "mob" ]
      },
      "minecraft:collision_box": {
        "width": 1.8,
        "height": 2.6
      },
     
      
	 
      "minecraft:health": {
        "value": 30,
        "max": 30	
      },
	  
	  
	  
        "minecraft:movement": {
          "value": 0.1
        },
        "minecraft:underwater_movement": {
          "value": 0.1
        },
        "minecraft:navigation.generic": { // Allows the mob to go through water
          "is_amphibious": false,
          "can_path_over_water": false,
          "can_swim": true,
          "can_walk": false,
          "can_breach": false,
          "can_sink": false
        },
        "minecraft:movement.sway": {
          "sway_amplitude": 0.0
        },
        "minecraft:behavior.swim_idle": {
          "priority": 5
        },
        "minecraft:behavior.random_swim": { // Randomly selects points to go to, even in water
          "priority": 3,
          "speed_multiplier": 1.0,
          "xz_dist": 16,
          "y_dist": 4,
          "interval": 0
        },
        "minecraft:behavior.swim_wander": {
          "priority": 4,
          "speed_multiplier": 1.0,
          "interval": 10,
          "look_ahead": 2.0
        },
      "minecraft:hurt_on_condition": {
        "damage_conditions": [
          {
            "filters": { "test": "in_lava", "subject": "self", "operator": "==", "value": true },
            "cause": "lava",
            "damage_per_tick": 4
          }
        ]
      },
      "minecraft:breathable": {
        "total_supply": 20,
        "suffocate_time": 0,
        "breathes_air": false,
        "breathes_water": true
      },
      
      "minecraft:loot": {
        "table": "loot_tables/dream_entities/dream_haima.json"
      },
	"minecraft:scale": {
          "value": 0.5
        },
      
	
      
      
	  
	  
      "minecraft:behavior.look_at_player": {
        "priority": 7,
        "look_distance": 6,
        "probability": 0.02
      },
      "minecraft:behavior.random_look_around": {
        "priority": 7
      },
      "minecraft:behavior.hurt_by_target": {
        "priority": 1
      },
      
      "minecraft:physics": {
        
      },
      "minecraft:flocking": {
        "in_water": true,
        "match_variants": false,
        "use_center_of_mass": true,
        "low_flock_limit": 4,
        "high_flock_limit": 8,
        "goal_weight": 2.0,
        "loner_chance": 0.1,
        "influence_radius": 3.0,
        "breach_influence": 7.0,
        "separation_weight": 1.75,
        "separation_threshold": 0.95,
        "cohesion_weight": 2.0,
        "cohesion_threshold": 1.95,
        "innner_cohesion_threshold": 1.25,
        "min_height": 1.5,
        "max_height": 6.0,
        "block_distance": 2.0,
        "block_weight": 0.85
      },
      "minecraft:pushable": {
        "is_pushable": true,
        "is_pushable_by_piston": true
      }
    }

  }
}
