{
  "format_version": "1.13.0",
  "minecraft:entity": {
    "description": {
      "identifier": "dream:boss_xiniu",
      "is_spawnable": true,
      "is_summonable": true,
      "is_experimental": false,
	  "runtime_identifier": "dream:boss_xiniu"
    },
  
    
	"component_groups": {
    "attack":{
      "minecraft:behavior.melee_attack": {
        "priority": 1,
        "speed_multiplier": 1.2,
        "track_target": false
      },
      "minecraft:attack": {
        "damage": 4
      },
      "minecraft:timer": {
        "looping": false,
        "time": 10,
        "time_down_event": {
          "event": "attack1"
        }
      }
    },
    "attack1":{
      "minecraft:behavior.delayed_attack": {
        "priority": 2,
        "attack_duration": 1.56,
        "speed_multiplier": 1.1,
        "hit_delay_pct": 0.7,
        "reach_multiplier": 5.6,
        "track_target": true
      },
      "minecraft:attack": {
        "damage": 8
      },
      "minecraft:timer": {
        "looping": false,
        "time": 5,
        "time_down_event": {
          "event": "attack"
        }
      }
    }


	  },
    
    
    "components": {
      "minecraft:nameable": {
      },
      "minecraft:boss": {
        "name": "犀牛boss",
        "hud_range": 12
      },
      "minecraft:experience_reward": {
        "on_death": "query.last_hit_by_player ? 300 : 0"
      },
      
      "minecraft:type_family": {
        "family": [ "boss_xiniu", "monster" ]
      },
      "minecraft:collision_box": {
        "width": 1.2,
        "height": 1.8
      },
     "minecraft:behavior.knockback_roar": {
        "priority": 1,
        "duration": 1,
        "attack_time": 0.5,
        "knockback_damage": 8,
        "knockback_strength": 3,
        "knockback_range": 4,
        "knockback_filters": {
          "test": "is_family",
          "subject": "other",
          "operator": "==",
          "value": "player"
        },
        "damage_filters": {
          "test": "is_family",
          "subject": "other",
          "operator": "==",
          "value": "player"
        },
        "cooldown_time": 30
      },
      
      "minecraft:movement.basic": {
      },
      "minecraft:navigation.walk": {
        "can_path_over_water": true,
        "avoid_damage_blocks": true
      },
	  "minecraft:behavior.float": {
        "priority": 2
      },
      "minecraft:jump.static": {
      },
      "minecraft:can_climb": {
      },
      "minecraft:health": {
        "value": 3000,
        "max": 3000
      },
	  
	 
      "minecraft:behavior.nearest_attackable_target": {
        "priority": 2,
        "within_radius": 25,
        "reselect_targets": true,
        "entity_types": {
            "filters": {
              "any_of": [
                { "test": "is_family", "subject": "other", "value": "player" }
              ]
            },
            "max_dist": 35
          },
        "must_see": true,
        "must_see_forget_duration": 17.0
      },
	  
	  
	  
      
	  /*
    "minecraft:behavior.delayed_attack": {
      "priority": 1,
      "attack_duration": 1.04,
      "hit_delay_pct": 0.5,
      "reach_multiplier": 1.6,
      "track_target": true
    },
    */
	  "minecraft:movement": {
          "value": 0.16
        },
      "minecraft:hurt_on_condition": {
        "damage_conditions": [
          {
            "filters": { "test": "in_lava", "subject": "self", "operator": "==", "value": true },
            "cause": "lava",
            "damage_per_tick": 4
          }
        ]
      },
      "minecraft:breathable": {
        "total_supply": 15,
        "suffocate_time": 0,
        "breathes_air": true,
        "breathes_water": true
      },
      
      "minecraft:loot": {
        "table": "loot_tables/dream_entities/dream_boss_xiniu.json"
      },
	"minecraft:scale": {
          "value": 1.6
        },
      
	
      
      
	  
      "minecraft:behavior.random_stroll": {
        "priority": 6,
        "speed_multiplier": 1
      },
      
      "minecraft:behavior.random_look_around": {
        "priority": 7
      },
      "minecraft:behavior.hurt_by_target": {
        "priority": 1
      },
      
      "minecraft:physics": {
      },
      "minecraft:pushable": {
        "is_pushable": true,
        "is_pushable_by_piston": true
      }
    },
    "events": {
      "minecraft:entity_spawned": {
            "add": {
              "component_groups": [
                "attack"
              ]
            }
          },
          "attack1": {
            "remove": {
              "component_groups": [
                "attack"
              ]
            },
            "add": {
              "component_groups": [
                "attack1"
              ]
            }
          },

          "attack": {
            "remove": {
              "component_groups": [
                "attack1"
              ]
            },
            "add": {
              "component_groups": [
                "attack"
              ]
            }
          }



    }

  }
}
