{
  "format_version": "1.13.0",
  "minecraft:entity": {
    "description": {
      "identifier": "dream:shayu",
      "is_spawnable": true,
      "is_summonable": true,
      "is_experimental": false,
	  "runtime_identifier": "dream:shayu"
    },
	
	"component_groups": {
	  },
	  
	  
	  
	
    "components": {
      "minecraft:nameable": {
      },
      "minecraft:experience_reward": {
        "on_death": "query.last_hit_by_player ? 50 : 0"
      },
      
      "minecraft:type_family": {
        "family": [ "shayu", "mob" ]
      },
      "minecraft:collision_box": {
        "width": 3.5,
        "height": 2.8
      },
     
      
	 
      "minecraft:health": {
        "value": 50,
        "max": 50	
      },
	  
      "minecraft:behavior.nearest_attackable_target": {
        "priority": 2,
        "within_radius": 25,
        "reselect_targets": true,
        "entity_types": {
            "filters": {
              "any_of": [
                { "test": "is_family", "subject": "other", "value": "player" }
              ]
            },
            "max_dist": 35
          },
        "must_see": true,
        "must_see_forget_duration": 17.0
      },
	  
	  
	  
	  
        "minecraft:movement": {
          "value": 0.1
        },
        "minecraft:underwater_movement": {
          "value": 0.1
        },
        "minecraft:navigation.generic": { // Allows the mob to go through water
          "is_amphibious": false,
          "can_path_over_water": false,
          "can_swim": true,
          "can_walk": false,
          "can_breach": false,
          "can_sink": false
        },
        "minecraft:movement.sway": {
          "sway_amplitude": 0.0
        },
        "minecraft:behavior.swim_idle": {
          "priority": 5
        },
        "minecraft:behavior.random_swim": { // Randomly selects points to go to, even in water
          "priority": 3,
          "speed_multiplier": 1.0,
          "xz_dist": 16,
          "y_dist": 4,
          "interval": 0
        },
        "minecraft:behavior.swim_wander": {
          "priority": 4,
          "speed_multiplier": 1.0,
          "interval": 10,
          "look_ahead": 2.0
        },
      "minecraft:hurt_on_condition": {
        "damage_conditions": [
          {
            "filters": { "test": "in_lava", "subject": "self", "operator": "==", "value": true },
            "cause": "lava",
            "damage_per_tick": 4
          }
        ]
      },
      "minecraft:breathable": {
        "total_supply": 20,
        "suffocate_time": 20,
        "breathes_air": true,
        "breathes_water": true
      },
      "minecraft:attack": {
        "damage": 8
      },
      "minecraft:loot": {
        "table": "loot_tables/dream_entities/dream_shayu.json"
      },
	"minecraft:scale": {
          "value": 1.0
        },
      
	
      /*
      "minecraft:behavior.delayed_attack": {
				"priority": 1,
				"attack_duration": 2,
        "hit_delay_pct": 0.4,
        "speed_multiplier": 1.65,
        "reach_multiplier": 1.7
			},
      */
    
      "minecraft:behavior.melee_attack": {
        "priority": 1,
        "target_dist": 1.2,
        "speed_multiplier": 1.55,
        "track_target": true
      },
	  
      "minecraft:behavior.look_at_player": {
        "priority": 7,
        "look_distance": 6,
        "probability": 0.02
      },
      "minecraft:behavior.random_look_around": {
        "priority": 7
      },
      "minecraft:behavior.hurt_by_target": {
        "priority": 1
      },
      
      "minecraft:physics": {
        
      },
      "minecraft:flocking": {
        "in_water": true,
        "match_variants": false,
        "use_center_of_mass": true,
        "low_flock_limit": 4,
        "high_flock_limit": 8,
        "goal_weight": 2.0,
        "loner_chance": 0.1,
        "influence_radius": 3.0,
        "breach_influence": 7.0,
        "separation_weight": 1.75,
        "separation_threshold": 0.95,
        "cohesion_weight": 2.0,
        "cohesion_threshold": 1.95,
        "innner_cohesion_threshold": 1.25,
        "min_height": 1.5,
        "max_height": 6.0,
        "block_distance": 2.0,
        "block_weight": 0.85
      },
      "minecraft:pushable": {
        "is_pushable": true,
        "is_pushable_by_piston": true
      }
    }

  }
}
