{
  "format_version": "1.13.0",
  "minecraft:entity": {
    "description": {
      "identifier": "dream:mengwang",
      "is_spawnable": true,
      "is_summonable": true,
      "is_experimental": false,
    "runtime_identifier": "dream:mengwang",
    "animations": {
      "shuiren": "controller.animation.dream_mengwang.shuiren"
    },
    "scripts": {
      "animate": [
        "shuiren"
      ]
    }
    },
  
    
	"component_groups": {
    

    "minecraft:start_shoot": {
				"minecraft:behavior.ranged_attack": {
					"priority": 1,
					"attack_radius": 24,
					"charge_shoot_trigger": 0.9667,
					"charge_charged_trigger": 0.0,
					"speed_multiplier": 1.2
				},
				"minecraft:shooter": {
					"def": "dream:projectile_shuiren"
				}
			},
			"minecraft:stop_shoot": {
				"minecraft:attack": {
					"damage": 8
				},
				"minecraft:behavior.delayed_attack": {
          "priority": 1,
          "attack_duration": 0.84,
          "hit_delay_pct": 0.2,
          "reach_multiplier": 1.5
        }
      },
      
      "minecraft:start_mengwang_tunshi":{
        "minecraft:variant": {
          "value": 3
        },
        "minecraft:timer": {
          "looping": false,
          "time": 1.04,
          "time_down_event": {
            "event": "minecraft:on_stop_mengwang_tunshi"
          }
        }
      },
      "minecraft:stop_mengwang_tunshi":{
        "minecraft:variant": {
          "value": 2
        },
        "minecraft:timer": {
          "looping": false,
          "time": 20,
          "time_down_event": {
            "event": "minecraft:on_start_mengwang_tunshi"
          }
        }

      },
      
      "minecraft:tunshi_jiance":{
      "minecraft:environment_sensor": {
        "triggers":
        {
              "filters": {"test": "distance_to_nearest_player","operator": "<", "value": 3},
              "event": "minecraft:on_start_mengwang_tunshi"
            }
        
        }
      }


	  },
    
    
    "components": {
      "minecraft:nameable": {
      },
      "minecraft:experience_reward": {
        "on_death": "query.last_hit_by_player ? Math.Random(1,3) : 0"
      },
      
      "minecraft:type_family": {
        "family": [ "mengwang", "monster" ]
      },
      "minecraft:collision_box": {
        "width": 0.8,
        "height": 0.8
      },
      "minecraft:boss": {
        "name": "萌王",
        "hud_range": 32
      },
      "minecraft:movement.basic": {
      },
      "minecraft:navigation.walk": {
        "can_path_over_water": true,
        "avoid_damage_blocks": true
      },
	  "minecraft:behavior.float": {
        "priority": 2
      },
      "minecraft:jump.static": {
      },
      "minecraft:can_climb": {
      },
      "minecraft:health": {
        "value": 1000,
        "max": 1000	
      },
	  
	 
      "minecraft:behavior.nearest_attackable_target": {
        "priority": 2,
        "entity_types": [
          {
            "filters": {
                 "test": "is_family",
                  "subject": "other",
                   "value": "player" 
            },
            "max_dist": 48
          }
        ],
        "must_see": true
      },
	  
	  
      
      
	  
	  "minecraft:movement": {
          "value": 0.25
        },
      "minecraft:hurt_on_condition": {
        "damage_conditions": [
          {
            "filters": { "test": "in_lava", "subject": "self", "operator": "==", "value": true },
            "cause": "lava",
            "damage_per_tick": 4
          }
        ]
      },
      "minecraft:breathable": {
        "total_supply": 15,
        "suffocate_time": 0,
        "breathes_air": true,
        "breathes_water": true
      },
      
      "minecraft:loot": {
        "table": "loot_tables/entities/whyope333_laoshu.json"
      },
	"minecraft:scale": {
          "value": 2.5
        },
        
        "minecraft:variant": {
          "value": 0
        },
        
        
      
      
	  
      "minecraft:behavior.random_stroll": {
        "priority": 6,
        "speed_multiplier": 1
      },
      
      "minecraft:behavior.random_look_around": {
        "priority": 7
      },
      "minecraft:behavior.hurt_by_target": {
        "priority": 1
      },
      
      "minecraft:physics": {
      },
      "minecraft:pushable": {
        "is_pushable": true,
        "is_pushable_by_piston": true
      }
    },
    "events": {
    
      "minecraft:entity_spawned": {
                "add": {
                  "component_groups": [
                    "minecraft:stop_mengwang_tunshi"
                    
                  ]
                }
              },
              "minecraft:on_start_shoot": {
                      "add": {
                        "component_groups": [
                          "minecraft:start_shoot"
                        ]
                      },
                      "remove": {
                        "component_groups": [
                                "minecraft:stop_shoot"
                                
                          ]
                        }
                },
                "minecraft:on_stop_shoot": {
                  "remove": {
                    "component_groups": [
                            "minecraft:start_shoot"
                            
                      ]
                    },
                  "add": {
                    "component_groups": [
                      "minecraft:stop_shoot"
                    ]
                  }
                 
            },


            "minecraft:on_stop_mengwang_tunshi": {
              "remove": {
                "component_groups": [
                        "minecraft:start_mengwang_tunshi"
                  ]
                },
              "add": {
                "component_groups": [
                  "minecraft:stop_mengwang_tunshi"
                ]
              }
              
        },
        

        

        "minecraft:on_start_mengwang_tunshi": {
          "add": {
            "component_groups": [
              "minecraft:start_mengwang_tunshi"
            ]
          },
          "remove": {
            "component_groups": [
                    "minecraft:stop_mengwang_tunshi"
              ]
            }
    }
    }

  }
}
