{
  "format_version": "1.13.0",
  "minecraft:entity": {
    "description": {
      "identifier": "dream:npc_xiaomi",
      "is_spawnable": false,
      "is_summonable": true,
      "is_experimental": false,
	  "runtime_identifier": "dream:npc_xiaomi"
    },
  
    
	"component_groups": {
	  },
    
    
    "components": {
      "minecraft:nameable": {
        "always_show": true
      },
     
      
      "minecraft:type_family": {
        "family": [ "npc_xiaomi", "deram_npc" ]
      },
      "minecraft:collision_box": {
        "width": 0.6,
        "height": 1.8
      },
     
      
      "minecraft:damage_sensor": {
        "triggers": {
          "cause": "all",
          "deals_damage": false
        }
      },
      
      

	  
      "minecraft:health": {
        "value": 20,
        "max": 20	
      },
      
	 
      
      
     
      
      
      
        "minecraft:breathable": {
          "total_supply": 15,
          "suffocate_time": 0,
          "breathes_air": true,
          "breathes_water": false
        },
        "minecraft:behavior.look_at_player": {
          "priority": 7,
          "look_distance": 6,
          "probability": 0.02
        },
        "minecraft:movement": {
          "value": 0
        },
      
      "minecraft:behavior.hurt_by_target": {
        "priority": 1
      },
      
      "minecraft:physics": {
      },
      "minecraft:pushable": {
        "is_pushable": false,
        "is_pushable_by_piston": false
      }
    }

  }
}
