{
  "format_version": "1.13.0",
  "minecraft:entity": {
    "description": {
      "identifier": "dream:huoyanhou",
      "is_spawnable": true,
      "is_summonable": true,
      "is_experimental": false,
	  "runtime_identifier": "dream:huoyanhou"
    },
	
	"component_groups": {
	  },
	  
	  
	  
	
    "components": {
      "minecraft:nameable": {
      },

      
      "minecraft:type_family": {
        "family": [ "huoyanhou", "monster" ]
      },
      "minecraft:collision_box": {
        "width": 1.8,
        "height": 2.6
      },
      "minecraft:fire_immune": true,
      "minecraft:movement.basic": {
      },
      "minecraft:navigation.walk": {
        "can_path_over_water": true,
        "avoid_damage_blocks": true
      },
	  "minecraft:behavior.float": {
        "priority": 2
      },
      "minecraft:jump.static": {
      },
      "minecraft:can_climb": {
      },
      "minecraft:health": {
        "value": 250,
        "max": 250	
      },
	  
	 
      
	  
	  
      "minecraft:behavior.nearest_attackable_target": {
        "priority": 2,
        "within_radius": 25,
        "reselect_targets": true,
        "entity_types": {
            "filters": {
              "any_of": [
                { "test": "is_family", "subject": "other", "value": "player" }
              ]
            },
            "max_dist": 35
          },
        "must_see": true,
        "must_see_forget_duration": 17.0
      },
	  
	  
	  
	  "minecraft:movement": {
          "value": 0.2
        },
      "minecraft:hurt_on_condition": {
        "damage_conditions": [
          {
            "filters": { "test": "in_lava", "subject": "self", "operator": "==", "value": true },
            "cause": "lava",
            "damage_per_tick": 4
          }
        ]
      },
      "minecraft:breathable": {
        "total_supply": 15,
        "suffocate_time": 0,
        "breathes_air": true,
        "breathes_water": true
      },
      "minecraft:attack": {
        "damage": [6,7]
      },
      "minecraft:loot": {
        "table": "loot_tables/dream_entities/dream_huoyanhou.json"
      },
	"minecraft:scale": {
          "value": 0.6
        },
      
	
      
        "minecraft:behavior.delayed_attack": {
          "priority": 3,
          "attack_duration": 0.84,
          "hit_delay_pct": 0.6,
          "reach_multiplier": 1.5,
          "track_target": true
        },
	 
      
	  
      
      "minecraft:behavior.random_stroll": {
        "priority": 6,
        "speed_multiplier": 1
      },
      
      "minecraft:behavior.random_look_around": {
        "priority": 7
      },
      "minecraft:behavior.hurt_by_target": {
        "priority": 1
      },
      
      "minecraft:physics": {
      },
      "minecraft:pushable": {
        "is_pushable": true,
        "is_pushable_by_piston": true
      }
    }

  }
}
