{
  "format_version": "1.13.0",
  "minecraft:entity": {
    "description": {
      "identifier": "dream:xiezi",
      "is_spawnable": true,
      "is_summonable": true,
      "is_experimental": false,
	  "runtime_identifier": "dream:xiezi"
    },
  
    
	"component_groups": {
	  },
    
    
    "components": {
      "minecraft:nameable": {
      },
      "minecraft:experience_reward": {
        "on_death": "query.last_hit_by_player ? 10 : 0"
      },
      
      "minecraft:type_family": {
        "family": [ "xiezi", "monster" ]
      },
      "minecraft:collision_box": {
        "width": 1.2,
        "height": 0.9
      },
     
      
      "minecraft:movement.basic": {
      },
      "minecraft:navigation.walk": {
        "can_path_over_water": true,
        "avoid_damage_blocks": true
      },
	  "minecraft:behavior.float": {
        "priority": 2
      },
      "minecraft:jump.static": {
      },
      "minecraft:can_climb": {
      },
      "minecraft:health": {
        "value": 30,
        "max": 30	
      },
	  
	 
      "minecraft:behavior.nearest_attackable_target": {
        "priority": 1,
        "within_radius": 25,
        "reselect_targets": true,
        "entity_types": {
            "filters": {
              "any_of": [
                { "test": "is_family", "subject": "other", "value": "player" }
              ]
            },
            "max_dist": 35
          },
        "must_see": true,
        "must_see_forget_duration": 17.0
      },
	  
	  
	  
      "minecraft:behavior.melee_attack": {
        "priority": 1,
        "speed_multiplier": 1,
        "track_target": false
      },
	  /*
    "minecraft:behavior.delayed_attack": {
      "priority": 1,
      "attack_duration": 1.04,
      "hit_delay_pct": 0.5,
      "reach_multiplier": 1.6,
      "track_target": true
    },
    */
	  "minecraft:movement": {
          "value": 0.25
        },
      "minecraft:hurt_on_condition": {
        "damage_conditions": [
          {
            "filters": { "test": "in_lava", "subject": "self", "operator": "==", "value": true },
            "cause": "lava",
            "damage_per_tick": 4
          }
        ]
      },
      "minecraft:breathable": {
        "total_supply": 15,
        "suffocate_time": 0,
        "breathes_air": true,
        "breathes_water": true
      },
      "minecraft:attack": {
        "damage": 6
      },
      "minecraft:loot": {
        "table": "loot_tables/dream_entities/dream_xiezi.json"
      },
	"minecraft:scale": {
          "value": 0.4
        },
      
	
      
      
	  
      "minecraft:behavior.random_stroll": {
        "priority": 6,
        "speed_multiplier": 1
      },
      
      "minecraft:behavior.random_look_around": {
        "priority": 7
      },
      "minecraft:behavior.hurt_by_target": {
        "priority": 1
      },
      
      "minecraft:physics": {
      },
      "minecraft:pushable": {
        "is_pushable": true,
        "is_pushable_by_piston": true
      }
    }

  }
}
