{
  "format_version": "1.13.0",
  "minecraft:entity": {
    "description": {
      "identifier": "dream:xunlu",
      "is_spawnable": true,
      "is_summonable": true,
      "is_experimental": false,
	  "runtime_identifier": "dream:xunlu"
    },
	
	"component_groups": {
    "dream:despawn":{
      "minecraft:despawn": {
        "filters": {
              "any_of": [
                { "test": "is_visible", "subject": "self", "value": true }
              ]
        }
      }
    }
	  },
	  
	  
	  
	
    "components": {
      "minecraft:nameable": {
      },

      
      "minecraft:type_family": {
        "family": [ "xunlu", "mob" ]
      },
      "minecraft:collision_box": {
        "width": 3,
        "height": 3
      },
     
      
	  "minecraft:behavior.float": {
        "priority": 0
      },
     
      "minecraft:jump.static": {
      },
      "minecraft:can_climb": {
      },
      "minecraft:health": {
        "value": 50,
        "max": 50
      },
	  "minecraft:behavior.panic": {
        "priority": 3,
        "speed_multiplier": 1.8
      },
	  
      
	  
	  
	  
	  
	  
	  "minecraft:movement": {
          "value": 0.18
        },

        "minecraft:interact": {
          "interactions": [
            {
              "cooldown": 2.5,
              "use_item": true,
              "add_items": { "table": "loot_tables/dream_entities/dream_xunlu.json" },
              "play_sounds": "levelup",
              "interact_text": "祈愿",
              "on_interact": {
                "filters": {
                  "all_of": [
                    {
                      "any_of": [
                        { "test": "has_equipment", "subject": "other", "domain": "hand", "value": "dream:juzi"},
                        { "test": "has_equipment", "subject": "other", "domain": "hand", "value": "dream:ningmeng"},
                        { "test": "has_equipment", "subject": "other", "domain": "hand", "value": "dream:yingtao"},
                        { "test": "has_equipment", "subject": "other", "domain": "hand", "value": "dream:huolongguo"},
                        { "test": "has_equipment", "subject": "other", "domain": "hand", "value": "dream:li"},
                        { "test": "has_equipment", "subject": "other", "domain": "hand", "value": "dream:putao"},
                        { "test": "has_equipment", "subject": "other", "domain": "hand", "value": "dream:pipa"},
                        { "test": "has_equipment", "subject": "other", "domain": "hand", "value": "dream:mangguo"},
                        { "test": "has_equipment", "subject": "other", "domain": "hand", "value": "dream:taozi"},
                        { "test": "has_equipment", "subject": "other", "domain": "hand", "value": "dream:qingzao"}
                      ]
                    },
                    { "test" :  "is_family", "subject" : "other", "value" :  "player"}
                ]
                },
                "event": "dream:despawn",
                "target": "self"
              }
            }
          ]
        },

		"minecraft:navigation.walk": {
        "can_path_over_water": true,
        "avoid_water": true,
        "avoid_damage_blocks": true
      },
      "minecraft:movement.basic": {
        
      },
     
      "minecraft:breathable": {
        "total_supply": 15,
        "suffocate_time": 0,
        "breathes_air": true,
        "breathes_water": true
      },
      "minecraft:damage_sensor": {
        "triggers": {
          "cause": "all",
          "deals_damage": false
        }
      },
    
	"minecraft:scale": {
          "value": 0.3
        },
      
	"minecraft:hurt_on_condition": {
        "damage_conditions": [
          {
            "filters": { "test": "is_brightness", "subject": "self", "operator": "==", "value": 0.5 },
            "cause": "lava",
            "damage_per_tick": 4
          }
        ]
      },
      
      
	  
      "minecraft:behavior.random_stroll": {
        "priority": 6,
        "speed_multiplier": 1
      },
      "minecraft:behavior.look_at_player": {
        "priority": 7,
        "look_distance": 6,
        "probability": 0.02
      },
      "minecraft:behavior.random_look_around": {
        "priority": 7
      },
      
      
      "minecraft:physics": {
      },
      "minecraft:pushable": {
        "is_pushable": true,
        "is_pushable_by_piston": true
      }
    },
    "events": {
      "dream:despawn":{
        "add": {
          "component_groups": [
            "dream:despawn"
          ]
        }

      }

    }


  }
}
