{
  "format_version": "1.13.0",
  "minecraft:entity": {
    "description": {
      "identifier": "dream:ore_stone",
      "is_spawnable": false,
      "is_summonable": true,
      "is_experimental": false,
      "runtime_identifier": "minecraft:shulker"//石头
    },
  
    
	"component_groups": {
	  },

    
    
    "components": {
      "minecraft:nameable": {
      },
     
      
      "minecraft:type_family": {
        "family": [ "ore_stone", "ore" ]
      },
      "minecraft:collision_box": {
        "width": 0.6,
        "height": 1.8
      },
     
      
      
      
      

      "minecraft:damage_sensor": {
        "triggers": {
          "cause": "all",
          "deals_damage": false
        }
      },
      "minecraft:health": {
        "value": 20,
        "max": 20	
      },
      
	 
      
      
     
      
      
      
        
        
        "minecraft:movement": {
          "value": 0
        },
      
        "minecraft:knockback_resistance": {
          "value": 1.0
        },
      
      "minecraft:physics": {
      },
      "minecraft:pushable": {
        "is_pushable": false,
        "is_pushable_by_piston": false
      }
    }

  }
}
