{
    "pools": [
        {
            "rolls": 1,
            "entries": [
                {
                    "type": "item",
                    "name": "dream:xiniujiao",
                    "weight": 1
                },
                {
                    "type": "item",
                    "name": "minecraft:air",
                    "weight": 9
                }
            ]
        },
        {
            "rolls": 1,
            "entries": [
                {
                    "type": "item",
                    "name": "dream:nianshouxunzhang",
                    "weight": 1
                }
            ]
        },
        {
            "rolls": 1,
            "entries": [
                {
                    "type": "item",
                    "name": "minecraft:diamond",
                    "weight": 1,
                    "functions": [
                        {
                            "function": "set_count",
                            "count": {
                                "min": 10,
                                "max": 10
                            }
                        }
                    ]
                }
            ]
        }
    ]
}