{
    "pools": [
        {
            "conditions": [
                {
                    "condition": "killed_by_player"
                },
                {
                    "condition": "random_chance_with_looting",
                    "chance": 0.7
                }
            ],
            "rolls": 1,
            "entries": [
                {
                    "type": "item",
                    "name": "minecraft:iron_ingot",
                    "weight": 1
                    
                }
            ]
        },
		{
            "conditions": [
                {
                    "condition": "killed_by_player"
                },
                {
                    "condition": "random_chance_with_looting",
                    "chance": 0.15
                }
            ],
            "rolls": 1,
            "entries": [
                {
                    "type": "item",
                    "name": "dream:gebulinlinghun",
                    "weight": 1
                    
                }
            ]
        },
        {
            "conditions": [
                {
                    "condition": "killed_by_player"
                },
                {
                    "condition": "random_chance_with_looting",
                    "chance": 0.20
                }
            ],
            "rolls": 1,
            "entries": [
                {
                    "type": "item",
                    "name": "dream:dingzi",
                    "weight": 1
                    
                }
            ]
        }

	
    ]
}