{
    "format_version": "1.10",
    "minecraft:item": {
        "description": {
            "identifier": "dream:kaishuibaicai",
            "register_to_create_menu": true,
            "category": "dream"
        },
        "components": {
            "minecraft:max_stack_size": 64,
            "minecraft:foil": false,
            "minecraft:use_duration": 32,
            "minecraft:food": {
                "nutrition": 0,
                "saturation_modifier": "good",
                "is_meat": false,
                "can_always_eat": true,
                "cooldown_time": 32
            }
        }
    }
}